<?xml version="1.0" encoding="UTF-8"?>
<project-private xmlns="http://www.netbeans.org/ns/project-private/1">
    <editor-bookmarks xmlns="http://www.netbeans.org/ns/editor-bookmarks/2" lastBookmarkId="0"/>
    <open-files xmlns="http://www.netbeans.org/ns/projectui-open-files/2">
        <group>
            <file>file:/C:/Users/ygane/OneDrive/Pictures/Final%20Project/Gym-Management-System-main/src/gymmanagement/AdminFront.java</file>
            <file>file:/C:/Users/ygane/OneDrive/Pictures/Final%20Project/Gym-Management-System-main/src/gymmanagement/ChangeSlotUser.java</file>
            <file>file:/C:/Users/ygane/OneDrive/Pictures/Final%20Project/Gym-Management-System-main/src/gymmanagement/EquipmentShow.java</file>
            <file>file:/C:/Users/ygane/OneDrive/Pictures/Final%20Project/Gym-Management-System-main/src/gymmanagement/GymManagement.java</file>
            <file>file:/C:/Users/ygane/OneDrive/Pictures/Final%20Project/Gym-Management-System-main/src/gymmanagement/Trainerregister.java</file>
            <file>file:/C:/Users/ygane/OneDrive/Pictures/Final%20Project/Gym-Management-System-main/src/gymmanagement/DeleteUser.java</file>
            <file>file:/C:/Users/ygane/OneDrive/Pictures/Final%20Project/Gym-Management-System-main/src/gymmanagement/ChangePlanUser.java</file>
            <file>file:/C:/Users/ygane/OneDrive/Pictures/Final%20Project/Gym-Management-System-main/src/gymmanagement/EquipmentAdd.java</file>
            <file>file:/C:/Users/ygane/OneDrive/Pictures/Final%20Project/Gym-Management-System-main/src/gymmanagement/MainLogin.java</file>
        </group>
    </open-files>
</project-private>
